<?xml version="1.0"?>
<!DOCTYPE module PUBLIC
    "-//Puppy Crawl//DTD Check Configuration 1.3//EN"
    "http://www.puppycrawl.com/dtds/configuration_1_3.dtd">

<!--
   Licensed to the Apache Software Foundation (ASF) under one
   or more contributor license agreements.  See the NOTICE file
   distributed with this work for additional information
   regarding copyright ownership.  The ASF licenses this file
   to you under the Apache License, Version 2.0 (the
   "License"); you may not use this file except in compliance
   with the License.  You may obtain a copy of the License at

     http://www.apache.org/licenses/LICENSE-2.0

   Unless required by applicable law or agreed to in writing,
   software distributed under the License is distributed on an
   "AS IS" BASIS, WITHOUT WARRANTIES OR CONDITIONS OF ANY
   KIND, either express or implied.  See the License for the
   specific language governing permissions and limitations
   under the License.
-->

<module name="Checker">
  <property name="charset" value="UTF-8"/>
  <property name="severity" value="error"/>
  <property name="fileExtensions" value="java, properties, xml"/>

  <module name="SuppressionSingleFilter">
    <property name="checks" value="RegexpHeader"/>
    <property name="files" value="(CCITTFax..coderStream.java)|(TIFFExtension.java)"/>
  </module>

  <!-- the exact test will be done in the rat plugin -->
  <!-- does not work fully (problem with xmpbox and I don't want to change every file
  <module name="RegexpHeader">
    <property name="header"
              value="^.*$\n.*Apache Software Foundation.*$"/>
  </module>
-->

  <module name="LineLength">
    <property name="max" value="200"/> <!-- TODO reduce when the worst cases are fixed -->
    <property name="ignorePattern" value="^package.*|^import.*|a href|href|http://|https://|ftp://"/>
  </module>

  <module name="TreeWalker">
    <module name="OuterTypeFilename"/>
    <module name="AvoidStarImport"/>
    <module name="RedundantImport"/>
    <module name="UnusedImports"/>
  </module>
</module>
